model,accuracy
Dense,0.3409999907016754
CNN,0.6793000102043152
